INSERT INTO `BadWords`(`BadWord`) VALUES ("4r5e");
INSERT INTO `BadWords`(`BadWord`) VALUES ("5h1t");
INSERT INTO `BadWords`(`BadWord`) VALUES ("5hit");
INSERT INTO `BadWords`(`BadWord`) VALUES ("a55");
INSERT INTO `BadWords`(`BadWord`) VALUES ("anal");
INSERT INTO `BadWords`(`BadWord`) VALUES ("anus");
INSERT INTO `BadWords`(`BadWord`) VALUES ("ar5e");
INSERT INTO `BadWords`(`BadWord`) VALUES ("arrse");
INSERT INTO `BadWords`(`BadWord`) VALUES ("arse");
INSERT INTO `BadWords`(`BadWord`) VALUES ("ass");
INSERT INTO `BadWords`(`BadWord`) VALUES ("ass-fucker");
INSERT INTO `BadWords`(`BadWord`) VALUES ("asses");
INSERT INTO `BadWords`(`BadWord`) VALUES ("assfucker");
INSERT INTO `BadWords`(`BadWord`) VALUES ("assfukka");
INSERT INTO `BadWords`(`BadWord`) VALUES ("asshole");
INSERT INTO `BadWords`(`BadWord`) VALUES ("assholes");
INSERT INTO `BadWords`(`BadWord`) VALUES ("asswhole");
INSERT INTO `BadWords`(`BadWord`) VALUES ("a_s_s");
INSERT INTO `BadWords`(`BadWord`) VALUES ("b!tch");
INSERT INTO `BadWords`(`BadWord`) VALUES ("b00bs");
INSERT INTO `BadWords`(`BadWord`) VALUES ("b17ch");
INSERT INTO `BadWords`(`BadWord`) VALUES ("b1tch");
INSERT INTO `BadWords`(`BadWord`) VALUES ("ballbag");
INSERT INTO `BadWords`(`BadWord`) VALUES ("balls");
INSERT INTO `BadWords`(`BadWord`) VALUES ("ballsack");
INSERT INTO `BadWords`(`BadWord`) VALUES ("bastard");
INSERT INTO `BadWords`(`BadWord`) VALUES ("beastial");
INSERT INTO `BadWords`(`BadWord`) VALUES ("beastiality");
INSERT INTO `BadWords`(`BadWord`) VALUES ("bellend");
INSERT INTO `BadWords`(`BadWord`) VALUES ("bestial");
INSERT INTO `BadWords`(`BadWord`) VALUES ("bestiality");
INSERT INTO `BadWords`(`BadWord`) VALUES ("bi+ch");
INSERT INTO `BadWords`(`BadWord`) VALUES ("biatch");
INSERT INTO `BadWords`(`BadWord`) VALUES ("bitch");
INSERT INTO `BadWords`(`BadWord`) VALUES ("bitcher");
INSERT INTO `BadWords`(`BadWord`) VALUES ("bitchers");
INSERT INTO `BadWords`(`BadWord`) VALUES ("bitches");
INSERT INTO `BadWords`(`BadWord`) VALUES ("bitchin");
INSERT INTO `BadWords`(`BadWord`) VALUES ("bitching");
INSERT INTO `BadWords`(`BadWord`) VALUES ("bloody");
INSERT INTO `BadWords`(`BadWord`) VALUES ("blow job");
INSERT INTO `BadWords`(`BadWord`) VALUES ("blowjob");
INSERT INTO `BadWords`(`BadWord`) VALUES ("blowjobs");
INSERT INTO `BadWords`(`BadWord`) VALUES ("boiolas");
INSERT INTO `BadWords`(`BadWord`) VALUES ("bollock");
INSERT INTO `BadWords`(`BadWord`) VALUES ("bollok");
INSERT INTO `BadWords`(`BadWord`) VALUES ("boner");
INSERT INTO `BadWords`(`BadWord`) VALUES ("boob");
INSERT INTO `BadWords`(`BadWord`) VALUES ("boobs");
INSERT INTO `BadWords`(`BadWord`) VALUES ("booobs");
INSERT INTO `BadWords`(`BadWord`) VALUES ("boooobs");
INSERT INTO `BadWords`(`BadWord`) VALUES ("booooobs");
INSERT INTO `BadWords`(`BadWord`) VALUES ("booooooobs");
INSERT INTO `BadWords`(`BadWord`) VALUES ("breasts");
INSERT INTO `BadWords`(`BadWord`) VALUES ("buceta");
INSERT INTO `BadWords`(`BadWord`) VALUES ("bugger");
INSERT INTO `BadWords`(`BadWord`) VALUES ("bum");
INSERT INTO `BadWords`(`BadWord`) VALUES ("bunny fucker");
INSERT INTO `BadWords`(`BadWord`) VALUES ("butt");
INSERT INTO `BadWords`(`BadWord`) VALUES ("butthole");
INSERT INTO `BadWords`(`BadWord`) VALUES ("buttmuch");
INSERT INTO `BadWords`(`BadWord`) VALUES ("buttplug");
INSERT INTO `BadWords`(`BadWord`) VALUES ("c0ck");
INSERT INTO `BadWords`(`BadWord`) VALUES ("c0cksucker");
INSERT INTO `BadWords`(`BadWord`) VALUES ("carpet muncher");
INSERT INTO `BadWords`(`BadWord`) VALUES ("cawk");
INSERT INTO `BadWords`(`BadWord`) VALUES ("chink");
INSERT INTO `BadWords`(`BadWord`) VALUES ("cipa");
INSERT INTO `BadWords`(`BadWord`) VALUES ("cl1t");
INSERT INTO `BadWords`(`BadWord`) VALUES ("clit");
INSERT INTO `BadWords`(`BadWord`) VALUES ("clitoris");
INSERT INTO `BadWords`(`BadWord`) VALUES ("clits");
INSERT INTO `BadWords`(`BadWord`) VALUES ("cnut");
INSERT INTO `BadWords`(`BadWord`) VALUES ("cock");
INSERT INTO `BadWords`(`BadWord`) VALUES ("cock-sucker");
INSERT INTO `BadWords`(`BadWord`) VALUES ("cockface");
INSERT INTO `BadWords`(`BadWord`) VALUES ("cockhead");
INSERT INTO `BadWords`(`BadWord`) VALUES ("cockmunch");
INSERT INTO `BadWords`(`BadWord`) VALUES ("cockmuncher");
INSERT INTO `BadWords`(`BadWord`) VALUES ("cocks");
INSERT INTO `BadWords`(`BadWord`) VALUES ("cocksuck");
INSERT INTO `BadWords`(`BadWord`) VALUES ("cocksucked");
INSERT INTO `BadWords`(`BadWord`) VALUES ("cocksucker");
INSERT INTO `BadWords`(`BadWord`) VALUES ("cocksucking");
INSERT INTO `BadWords`(`BadWord`) VALUES ("cocksucks");
INSERT INTO `BadWords`(`BadWord`) VALUES ("cocksuka");
INSERT INTO `BadWords`(`BadWord`) VALUES ("cocksukka");
INSERT INTO `BadWords`(`BadWord`) VALUES ("cok");
INSERT INTO `BadWords`(`BadWord`) VALUES ("cokmuncher");
INSERT INTO `BadWords`(`BadWord`) VALUES ("coksucka");
INSERT INTO `BadWords`(`BadWord`) VALUES ("coon");
INSERT INTO `BadWords`(`BadWord`) VALUES ("cox");
INSERT INTO `BadWords`(`BadWord`) VALUES ("crap");
INSERT INTO `BadWords`(`BadWord`) VALUES ("cum");
INSERT INTO `BadWords`(`BadWord`) VALUES ("cummer");
INSERT INTO `BadWords`(`BadWord`) VALUES ("cumming");
INSERT INTO `BadWords`(`BadWord`) VALUES ("cums");
INSERT INTO `BadWords`(`BadWord`) VALUES ("cumshot");
INSERT INTO `BadWords`(`BadWord`) VALUES ("cunilingus");
INSERT INTO `BadWords`(`BadWord`) VALUES ("cunillingus");
INSERT INTO `BadWords`(`BadWord`) VALUES ("cunnilingus");
INSERT INTO `BadWords`(`BadWord`) VALUES ("cunt");
INSERT INTO `BadWords`(`BadWord`) VALUES ("cuntlick");
INSERT INTO `BadWords`(`BadWord`) VALUES ("cuntlicker");
INSERT INTO `BadWords`(`BadWord`) VALUES ("cuntlicking");
INSERT INTO `BadWords`(`BadWord`) VALUES ("cunts");
INSERT INTO `BadWords`(`BadWord`) VALUES ("cyalis");
INSERT INTO `BadWords`(`BadWord`) VALUES ("cyberfuc");
INSERT INTO `BadWords`(`BadWord`) VALUES ("cyberfuck");
INSERT INTO `BadWords`(`BadWord`) VALUES ("cyberfucked");
INSERT INTO `BadWords`(`BadWord`) VALUES ("cyberfucker");
INSERT INTO `BadWords`(`BadWord`) VALUES ("cyberfuckers");
INSERT INTO `BadWords`(`BadWord`) VALUES ("cyberfucking");
INSERT INTO `BadWords`(`BadWord`) VALUES ("d1ck");
INSERT INTO `BadWords`(`BadWord`) VALUES ("damn");
INSERT INTO `BadWords`(`BadWord`) VALUES ("dick");
INSERT INTO `BadWords`(`BadWord`) VALUES ("dickhead");
INSERT INTO `BadWords`(`BadWord`) VALUES ("dildo");
INSERT INTO `BadWords`(`BadWord`) VALUES ("dildos");
INSERT INTO `BadWords`(`BadWord`) VALUES ("dink");
INSERT INTO `BadWords`(`BadWord`) VALUES ("dinks");
INSERT INTO `BadWords`(`BadWord`) VALUES ("dirsa");
INSERT INTO `BadWords`(`BadWord`) VALUES ("dlck");
INSERT INTO `BadWords`(`BadWord`) VALUES ("dog-fucker");
INSERT INTO `BadWords`(`BadWord`) VALUES ("doggin");
INSERT INTO `BadWords`(`BadWord`) VALUES ("dogging");
INSERT INTO `BadWords`(`BadWord`) VALUES ("donkeyribber");
INSERT INTO `BadWords`(`BadWord`) VALUES ("doosh");
INSERT INTO `BadWords`(`BadWord`) VALUES ("duche");
INSERT INTO `BadWords`(`BadWord`) VALUES ("dyke");
INSERT INTO `BadWords`(`BadWord`) VALUES ("ejaculate");
INSERT INTO `BadWords`(`BadWord`) VALUES ("ejaculated");
INSERT INTO `BadWords`(`BadWord`) VALUES ("ejaculates");
INSERT INTO `BadWords`(`BadWord`) VALUES ("ejaculating");
INSERT INTO `BadWords`(`BadWord`) VALUES ("ejaculatings");
INSERT INTO `BadWords`(`BadWord`) VALUES ("ejaculation");
INSERT INTO `BadWords`(`BadWord`) VALUES ("ejakulate");
INSERT INTO `BadWords`(`BadWord`) VALUES ("f u c k");
INSERT INTO `BadWords`(`BadWord`) VALUES ("f u c k e r");
INSERT INTO `BadWords`(`BadWord`) VALUES ("f4nny");
INSERT INTO `BadWords`(`BadWord`) VALUES ("fag");
INSERT INTO `BadWords`(`BadWord`) VALUES ("fagging");
INSERT INTO `BadWords`(`BadWord`) VALUES ("faggitt");
INSERT INTO `BadWords`(`BadWord`) VALUES ("faggot");
INSERT INTO `BadWords`(`BadWord`) VALUES ("faggs");
INSERT INTO `BadWords`(`BadWord`) VALUES ("fagot");
INSERT INTO `BadWords`(`BadWord`) VALUES ("fagots");
INSERT INTO `BadWords`(`BadWord`) VALUES ("fags");
INSERT INTO `BadWords`(`BadWord`) VALUES ("fanny");
INSERT INTO `BadWords`(`BadWord`) VALUES ("fannyflaps");
INSERT INTO `BadWords`(`BadWord`) VALUES ("fannyfucker");
INSERT INTO `BadWords`(`BadWord`) VALUES ("fanyy");
INSERT INTO `BadWords`(`BadWord`) VALUES ("fatass");
INSERT INTO `BadWords`(`BadWord`) VALUES ("fcuk");
INSERT INTO `BadWords`(`BadWord`) VALUES ("fcuker");
INSERT INTO `BadWords`(`BadWord`) VALUES ("fcuking");
INSERT INTO `BadWords`(`BadWord`) VALUES ("feck");
INSERT INTO `BadWords`(`BadWord`) VALUES ("fecker");
INSERT INTO `BadWords`(`BadWord`) VALUES ("felching");
INSERT INTO `BadWords`(`BadWord`) VALUES ("fellate");
INSERT INTO `BadWords`(`BadWord`) VALUES ("fellatio");
INSERT INTO `BadWords`(`BadWord`) VALUES ("fingerfuck");
INSERT INTO `BadWords`(`BadWord`) VALUES ("fingerfucked");
INSERT INTO `BadWords`(`BadWord`) VALUES ("fingerfucker");
INSERT INTO `BadWords`(`BadWord`) VALUES ("fingerfuckers");
INSERT INTO `BadWords`(`BadWord`) VALUES ("fingerfucking");
INSERT INTO `BadWords`(`BadWord`) VALUES ("fingerfucks");
INSERT INTO `BadWords`(`BadWord`) VALUES ("fistfuck");
INSERT INTO `BadWords`(`BadWord`) VALUES ("fistfucked");
INSERT INTO `BadWords`(`BadWord`) VALUES ("fistfucker");
INSERT INTO `BadWords`(`BadWord`) VALUES ("fistfuckers");
INSERT INTO `BadWords`(`BadWord`) VALUES ("fistfucking");
INSERT INTO `BadWords`(`BadWord`) VALUES ("fistfuckings");
INSERT INTO `BadWords`(`BadWord`) VALUES ("fistfucks");
INSERT INTO `BadWords`(`BadWord`) VALUES ("flange");
INSERT INTO `BadWords`(`BadWord`) VALUES ("fook");
INSERT INTO `BadWords`(`BadWord`) VALUES ("fooker");
INSERT INTO `BadWords`(`BadWord`) VALUES ("fuck");
INSERT INTO `BadWords`(`BadWord`) VALUES ("fucka");
INSERT INTO `BadWords`(`BadWord`) VALUES ("fucked");
INSERT INTO `BadWords`(`BadWord`) VALUES ("fucker");
INSERT INTO `BadWords`(`BadWord`) VALUES ("fuckers");
INSERT INTO `BadWords`(`BadWord`) VALUES ("fuckhead");
INSERT INTO `BadWords`(`BadWord`) VALUES ("fuckheads");
INSERT INTO `BadWords`(`BadWord`) VALUES ("fuckin");
INSERT INTO `BadWords`(`BadWord`) VALUES ("fucking");
INSERT INTO `BadWords`(`BadWord`) VALUES ("fuckings");
INSERT INTO `BadWords`(`BadWord`) VALUES ("fuckingshitmotherfucker");
INSERT INTO `BadWords`(`BadWord`) VALUES ("fuckme");
INSERT INTO `BadWords`(`BadWord`) VALUES ("fucks");
INSERT INTO `BadWords`(`BadWord`) VALUES ("fuckwhit");
INSERT INTO `BadWords`(`BadWord`) VALUES ("fuckwit");
INSERT INTO `BadWords`(`BadWord`) VALUES ("fudge packer");
INSERT INTO `BadWords`(`BadWord`) VALUES ("fudgepacker");
INSERT INTO `BadWords`(`BadWord`) VALUES ("fuk");
INSERT INTO `BadWords`(`BadWord`) VALUES ("fuker");
INSERT INTO `BadWords`(`BadWord`) VALUES ("fukker");
INSERT INTO `BadWords`(`BadWord`) VALUES ("fukkin");
INSERT INTO `BadWords`(`BadWord`) VALUES ("fuks");
INSERT INTO `BadWords`(`BadWord`) VALUES ("fukwhit");
INSERT INTO `BadWords`(`BadWord`) VALUES ("fukwit");
INSERT INTO `BadWords`(`BadWord`) VALUES ("fux");
INSERT INTO `BadWords`(`BadWord`) VALUES ("fux0r");
INSERT INTO `BadWords`(`BadWord`) VALUES ("f_u_c_k");
INSERT INTO `BadWords`(`BadWord`) VALUES ("gangbang");
INSERT INTO `BadWords`(`BadWord`) VALUES ("gangbanged");
INSERT INTO `BadWords`(`BadWord`) VALUES ("gangbangs");
INSERT INTO `BadWords`(`BadWord`) VALUES ("gaylord");
INSERT INTO `BadWords`(`BadWord`) VALUES ("gaysex");
INSERT INTO `BadWords`(`BadWord`) VALUES ("goatse");
INSERT INTO `BadWords`(`BadWord`) VALUES ("god-dam");
INSERT INTO `BadWords`(`BadWord`) VALUES ("god-damned");
INSERT INTO `BadWords`(`BadWord`) VALUES ("goddamn");
INSERT INTO `BadWords`(`BadWord`) VALUES ("goddamned");
INSERT INTO `BadWords`(`BadWord`) VALUES ("hardcoresex");
INSERT INTO `BadWords`(`BadWord`) VALUES ("hell");
INSERT INTO `BadWords`(`BadWord`) VALUES ("heshe");
INSERT INTO `BadWords`(`BadWord`) VALUES ("hoar");
INSERT INTO `BadWords`(`BadWord`) VALUES ("hoare");
INSERT INTO `BadWords`(`BadWord`) VALUES ("hoer");
INSERT INTO `BadWords`(`BadWord`) VALUES ("homo");
INSERT INTO `BadWords`(`BadWord`) VALUES ("hore");
INSERT INTO `BadWords`(`BadWord`) VALUES ("horniest");
INSERT INTO `BadWords`(`BadWord`) VALUES ("horny");
INSERT INTO `BadWords`(`BadWord`) VALUES ("hotsex");
INSERT INTO `BadWords`(`BadWord`) VALUES ("jack-off");
INSERT INTO `BadWords`(`BadWord`) VALUES ("jackoff");
INSERT INTO `BadWords`(`BadWord`) VALUES ("jap");
INSERT INTO `BadWords`(`BadWord`) VALUES ("jerk-off");
INSERT INTO `BadWords`(`BadWord`) VALUES ("jism");
INSERT INTO `BadWords`(`BadWord`) VALUES ("jiz");
INSERT INTO `BadWords`(`BadWord`) VALUES ("jizm");
INSERT INTO `BadWords`(`BadWord`) VALUES ("jizz");
INSERT INTO `BadWords`(`BadWord`) VALUES ("kawk");
INSERT INTO `BadWords`(`BadWord`) VALUES ("knob");
INSERT INTO `BadWords`(`BadWord`) VALUES ("knobead");
INSERT INTO `BadWords`(`BadWord`) VALUES ("knobed");
INSERT INTO `BadWords`(`BadWord`) VALUES ("knobend");
INSERT INTO `BadWords`(`BadWord`) VALUES ("knobhead");
INSERT INTO `BadWords`(`BadWord`) VALUES ("knobjocky");
INSERT INTO `BadWords`(`BadWord`) VALUES ("knobjokey");
INSERT INTO `BadWords`(`BadWord`) VALUES ("kock");
INSERT INTO `BadWords`(`BadWord`) VALUES ("kondum");
INSERT INTO `BadWords`(`BadWord`) VALUES ("kondums");
INSERT INTO `BadWords`(`BadWord`) VALUES ("kum");
INSERT INTO `BadWords`(`BadWord`) VALUES ("kummer");
INSERT INTO `BadWords`(`BadWord`) VALUES ("kumming");
INSERT INTO `BadWords`(`BadWord`) VALUES ("kums");
INSERT INTO `BadWords`(`BadWord`) VALUES ("kunilingus");
INSERT INTO `BadWords`(`BadWord`) VALUES ("l3i+ch");
INSERT INTO `BadWords`(`BadWord`) VALUES ("l3itch");
INSERT INTO `BadWords`(`BadWord`) VALUES ("labia");
INSERT INTO `BadWords`(`BadWord`) VALUES ("lmfao");
INSERT INTO `BadWords`(`BadWord`) VALUES ("lust");
INSERT INTO `BadWords`(`BadWord`) VALUES ("lusting");
INSERT INTO `BadWords`(`BadWord`) VALUES ("m0f0");
INSERT INTO `BadWords`(`BadWord`) VALUES ("m0fo");
INSERT INTO `BadWords`(`BadWord`) VALUES ("m45terbate");
INSERT INTO `BadWords`(`BadWord`) VALUES ("ma5terb8");
INSERT INTO `BadWords`(`BadWord`) VALUES ("ma5terbate");
INSERT INTO `BadWords`(`BadWord`) VALUES ("masochist");
INSERT INTO `BadWords`(`BadWord`) VALUES ("master-bate");
INSERT INTO `BadWords`(`BadWord`) VALUES ("masterb8");
INSERT INTO `BadWords`(`BadWord`) VALUES ("masterbat*");
INSERT INTO `BadWords`(`BadWord`) VALUES ("masterbat3");
INSERT INTO `BadWords`(`BadWord`) VALUES ("masterbate");
INSERT INTO `BadWords`(`BadWord`) VALUES ("masterbation");
INSERT INTO `BadWords`(`BadWord`) VALUES ("masterbations");
INSERT INTO `BadWords`(`BadWord`) VALUES ("masturbate");
INSERT INTO `BadWords`(`BadWord`) VALUES ("mo-fo");
INSERT INTO `BadWords`(`BadWord`) VALUES ("mof0");
INSERT INTO `BadWords`(`BadWord`) VALUES ("mofo");
INSERT INTO `BadWords`(`BadWord`) VALUES ("mothafuck");
INSERT INTO `BadWords`(`BadWord`) VALUES ("mothafucka");
INSERT INTO `BadWords`(`BadWord`) VALUES ("mothafuckas");
INSERT INTO `BadWords`(`BadWord`) VALUES ("mothafuckaz");
INSERT INTO `BadWords`(`BadWord`) VALUES ("mothafucked");
INSERT INTO `BadWords`(`BadWord`) VALUES ("mothafucker");
INSERT INTO `BadWords`(`BadWord`) VALUES ("mothafuckers");
INSERT INTO `BadWords`(`BadWord`) VALUES ("mothafuckin");
INSERT INTO `BadWords`(`BadWord`) VALUES ("mothafucking");
INSERT INTO `BadWords`(`BadWord`) VALUES ("mothafuckings");
INSERT INTO `BadWords`(`BadWord`) VALUES ("mothafucks");
INSERT INTO `BadWords`(`BadWord`) VALUES ("mother fucker");
INSERT INTO `BadWords`(`BadWord`) VALUES ("motherfuck");
INSERT INTO `BadWords`(`BadWord`) VALUES ("motherfucked");
INSERT INTO `BadWords`(`BadWord`) VALUES ("motherfucker");
INSERT INTO `BadWords`(`BadWord`) VALUES ("motherfuckers");
INSERT INTO `BadWords`(`BadWord`) VALUES ("motherfuckin");
INSERT INTO `BadWords`(`BadWord`) VALUES ("motherfucking");
INSERT INTO `BadWords`(`BadWord`) VALUES ("motherfuckings");
INSERT INTO `BadWords`(`BadWord`) VALUES ("motherfuckka");
INSERT INTO `BadWords`(`BadWord`) VALUES ("motherfucks");
INSERT INTO `BadWords`(`BadWord`) VALUES ("muff");
INSERT INTO `BadWords`(`BadWord`) VALUES ("mutha");
INSERT INTO `BadWords`(`BadWord`) VALUES ("muthafecker");
INSERT INTO `BadWords`(`BadWord`) VALUES ("muthafuckker");
INSERT INTO `BadWords`(`BadWord`) VALUES ("muther");
INSERT INTO `BadWords`(`BadWord`) VALUES ("mutherfucker");
INSERT INTO `BadWords`(`BadWord`) VALUES ("n1gga");
INSERT INTO `BadWords`(`BadWord`) VALUES ("n1gger");
INSERT INTO `BadWords`(`BadWord`) VALUES ("nazi");
INSERT INTO `BadWords`(`BadWord`) VALUES ("nigg3r");
INSERT INTO `BadWords`(`BadWord`) VALUES ("nigg4h");
INSERT INTO `BadWords`(`BadWord`) VALUES ("nigga");
INSERT INTO `BadWords`(`BadWord`) VALUES ("niggah");
INSERT INTO `BadWords`(`BadWord`) VALUES ("niggas");
INSERT INTO `BadWords`(`BadWord`) VALUES ("niggaz");
INSERT INTO `BadWords`(`BadWord`) VALUES ("nigger");
INSERT INTO `BadWords`(`BadWord`) VALUES ("niggers");
INSERT INTO `BadWords`(`BadWord`) VALUES ("nob");
INSERT INTO `BadWords`(`BadWord`) VALUES ("nob jokey");
INSERT INTO `BadWords`(`BadWord`) VALUES ("nobhead");
INSERT INTO `BadWords`(`BadWord`) VALUES ("nobjocky");
INSERT INTO `BadWords`(`BadWord`) VALUES ("nobjokey");
INSERT INTO `BadWords`(`BadWord`) VALUES ("numbnuts");
INSERT INTO `BadWords`(`BadWord`) VALUES ("nutsack");
INSERT INTO `BadWords`(`BadWord`) VALUES ("orgasim");
INSERT INTO `BadWords`(`BadWord`) VALUES ("orgasims");
INSERT INTO `BadWords`(`BadWord`) VALUES ("orgasm");
INSERT INTO `BadWords`(`BadWord`) VALUES ("orgasms");
INSERT INTO `BadWords`(`BadWord`) VALUES ("p0rn");
INSERT INTO `BadWords`(`BadWord`) VALUES ("pawn");
INSERT INTO `BadWords`(`BadWord`) VALUES ("pecker");
INSERT INTO `BadWords`(`BadWord`) VALUES ("penis");
INSERT INTO `BadWords`(`BadWord`) VALUES ("penisfucker");
INSERT INTO `BadWords`(`BadWord`) VALUES ("phonesex");
INSERT INTO `BadWords`(`BadWord`) VALUES ("phuck");
INSERT INTO `BadWords`(`BadWord`) VALUES ("phuk");
INSERT INTO `BadWords`(`BadWord`) VALUES ("phuked");
INSERT INTO `BadWords`(`BadWord`) VALUES ("phuking");
INSERT INTO `BadWords`(`BadWord`) VALUES ("phukked");
INSERT INTO `BadWords`(`BadWord`) VALUES ("phukking");
INSERT INTO `BadWords`(`BadWord`) VALUES ("phuks");
INSERT INTO `BadWords`(`BadWord`) VALUES ("phuq");
INSERT INTO `BadWords`(`BadWord`) VALUES ("pigfucker");
INSERT INTO `BadWords`(`BadWord`) VALUES ("pimpis");
INSERT INTO `BadWords`(`BadWord`) VALUES ("piss");
INSERT INTO `BadWords`(`BadWord`) VALUES ("pissed");
INSERT INTO `BadWords`(`BadWord`) VALUES ("pisser");
INSERT INTO `BadWords`(`BadWord`) VALUES ("pissers");
INSERT INTO `BadWords`(`BadWord`) VALUES ("pisses");
INSERT INTO `BadWords`(`BadWord`) VALUES ("pissflaps");
INSERT INTO `BadWords`(`BadWord`) VALUES ("pissin");
INSERT INTO `BadWords`(`BadWord`) VALUES ("pissing");
INSERT INTO `BadWords`(`BadWord`) VALUES ("pissoff");
INSERT INTO `BadWords`(`BadWord`) VALUES ("poop");
INSERT INTO `BadWords`(`BadWord`) VALUES ("porn");
INSERT INTO `BadWords`(`BadWord`) VALUES ("porno");
INSERT INTO `BadWords`(`BadWord`) VALUES ("pornography");
INSERT INTO `BadWords`(`BadWord`) VALUES ("pornos");
INSERT INTO `BadWords`(`BadWord`) VALUES ("prick");
INSERT INTO `BadWords`(`BadWord`) VALUES ("pricks");
INSERT INTO `BadWords`(`BadWord`) VALUES ("pron");
INSERT INTO `BadWords`(`BadWord`) VALUES ("pube");
INSERT INTO `BadWords`(`BadWord`) VALUES ("pusse");
INSERT INTO `BadWords`(`BadWord`) VALUES ("pussi");
INSERT INTO `BadWords`(`BadWord`) VALUES ("pussies");
INSERT INTO `BadWords`(`BadWord`) VALUES ("pussy");
INSERT INTO `BadWords`(`BadWord`) VALUES ("pussys");
INSERT INTO `BadWords`(`BadWord`) VALUES ("rectum");
INSERT INTO `BadWords`(`BadWord`) VALUES ("retard");
INSERT INTO `BadWords`(`BadWord`) VALUES ("rimjaw");
INSERT INTO `BadWords`(`BadWord`) VALUES ("rimming");
INSERT INTO `BadWords`(`BadWord`) VALUES ("s hit");
INSERT INTO `BadWords`(`BadWord`) VALUES ("s.o.b.");
INSERT INTO `BadWords`(`BadWord`) VALUES ("sadist");
INSERT INTO `BadWords`(`BadWord`) VALUES ("schlong");
INSERT INTO `BadWords`(`BadWord`) VALUES ("screwing");
INSERT INTO `BadWords`(`BadWord`) VALUES ("scroat");
INSERT INTO `BadWords`(`BadWord`) VALUES ("scrote");
INSERT INTO `BadWords`(`BadWord`) VALUES ("scrotum");
INSERT INTO `BadWords`(`BadWord`) VALUES ("semen");
INSERT INTO `BadWords`(`BadWord`) VALUES ("sex");
INSERT INTO `BadWords`(`BadWord`) VALUES ("sh!+");
INSERT INTO `BadWords`(`BadWord`) VALUES ("sh!t");
INSERT INTO `BadWords`(`BadWord`) VALUES ("sh1t");
INSERT INTO `BadWords`(`BadWord`) VALUES ("shag");
INSERT INTO `BadWords`(`BadWord`) VALUES ("shagger");
INSERT INTO `BadWords`(`BadWord`) VALUES ("shaggin");
INSERT INTO `BadWords`(`BadWord`) VALUES ("shagging");
INSERT INTO `BadWords`(`BadWord`) VALUES ("shemale");
INSERT INTO `BadWords`(`BadWord`) VALUES ("shi+");
INSERT INTO `BadWords`(`BadWord`) VALUES ("shit");
INSERT INTO `BadWords`(`BadWord`) VALUES ("shitdick");
INSERT INTO `BadWords`(`BadWord`) VALUES ("shite");
INSERT INTO `BadWords`(`BadWord`) VALUES ("shited");
INSERT INTO `BadWords`(`BadWord`) VALUES ("shitey");
INSERT INTO `BadWords`(`BadWord`) VALUES ("shitfuck");
INSERT INTO `BadWords`(`BadWord`) VALUES ("shitfull");
INSERT INTO `BadWords`(`BadWord`) VALUES ("shithead");
INSERT INTO `BadWords`(`BadWord`) VALUES ("shiting");
INSERT INTO `BadWords`(`BadWord`) VALUES ("shitings");
INSERT INTO `BadWords`(`BadWord`) VALUES ("shits");
INSERT INTO `BadWords`(`BadWord`) VALUES ("shitted");
INSERT INTO `BadWords`(`BadWord`) VALUES ("shitter");
INSERT INTO `BadWords`(`BadWord`) VALUES ("shitters");
INSERT INTO `BadWords`(`BadWord`) VALUES ("shitting");
INSERT INTO `BadWords`(`BadWord`) VALUES ("shittings");
INSERT INTO `BadWords`(`BadWord`) VALUES ("shitty");
INSERT INTO `BadWords`(`BadWord`) VALUES ("skank");
INSERT INTO `BadWords`(`BadWord`) VALUES ("slut");
INSERT INTO `BadWords`(`BadWord`) VALUES ("sluts");
INSERT INTO `BadWords`(`BadWord`) VALUES ("smegma");
INSERT INTO `BadWords`(`BadWord`) VALUES ("smut");
INSERT INTO `BadWords`(`BadWord`) VALUES ("snatch");
INSERT INTO `BadWords`(`BadWord`) VALUES ("son-of-a-bitch");
INSERT INTO `BadWords`(`BadWord`) VALUES ("spac");
INSERT INTO `BadWords`(`BadWord`) VALUES ("spunk");
INSERT INTO `BadWords`(`BadWord`) VALUES ("s_h_i_t");
INSERT INTO `BadWords`(`BadWord`) VALUES ("t1tt1e5");
INSERT INTO `BadWords`(`BadWord`) VALUES ("t1tties");
INSERT INTO `BadWords`(`BadWord`) VALUES ("teets");
INSERT INTO `BadWords`(`BadWord`) VALUES ("teez");
INSERT INTO `BadWords`(`BadWord`) VALUES ("testical");
INSERT INTO `BadWords`(`BadWord`) VALUES ("testicle");
INSERT INTO `BadWords`(`BadWord`) VALUES ("tit");
INSERT INTO `BadWords`(`BadWord`) VALUES ("titfuck");
INSERT INTO `BadWords`(`BadWord`) VALUES ("tits");
INSERT INTO `BadWords`(`BadWord`) VALUES ("titt");
INSERT INTO `BadWords`(`BadWord`) VALUES ("tittie5");
INSERT INTO `BadWords`(`BadWord`) VALUES ("tittiefucker");
INSERT INTO `BadWords`(`BadWord`) VALUES ("titties");
INSERT INTO `BadWords`(`BadWord`) VALUES ("tittyfuck");
INSERT INTO `BadWords`(`BadWord`) VALUES ("tittywank");
INSERT INTO `BadWords`(`BadWord`) VALUES ("titwank");
INSERT INTO `BadWords`(`BadWord`) VALUES ("tosser");
INSERT INTO `BadWords`(`BadWord`) VALUES ("turd");
INSERT INTO `BadWords`(`BadWord`) VALUES ("tw4t");
INSERT INTO `BadWords`(`BadWord`) VALUES ("twat");
INSERT INTO `BadWords`(`BadWord`) VALUES ("twathead");
INSERT INTO `BadWords`(`BadWord`) VALUES ("twatty");
INSERT INTO `BadWords`(`BadWord`) VALUES ("twunt");
INSERT INTO `BadWords`(`BadWord`) VALUES ("twunter");
INSERT INTO `BadWords`(`BadWord`) VALUES ("v14gra");
INSERT INTO `BadWords`(`BadWord`) VALUES ("v1gra");
INSERT INTO `BadWords`(`BadWord`) VALUES ("vagina");
INSERT INTO `BadWords`(`BadWord`) VALUES ("viagra");
INSERT INTO `BadWords`(`BadWord`) VALUES ("vulva");
INSERT INTO `BadWords`(`BadWord`) VALUES ("w00se");
INSERT INTO `BadWords`(`BadWord`) VALUES ("wang");
INSERT INTO `BadWords`(`BadWord`) VALUES ("wank");
INSERT INTO `BadWords`(`BadWord`) VALUES ("wanker");
INSERT INTO `BadWords`(`BadWord`) VALUES ("wanky");
INSERT INTO `BadWords`(`BadWord`) VALUES ("whoar");
INSERT INTO `BadWords`(`BadWord`) VALUES ("whore");
INSERT INTO `BadWords`(`BadWord`) VALUES ("willies");
INSERT INTO `BadWords`(`BadWord`) VALUES ("willy");
INSERT INTO `BadWords`(`BadWord`) VALUES ("xrated");
INSERT INTO `BadWords`(`BadWord`) VALUES ("xxx");
INSERT INTO `BadWords`(`BadWord`) VALUES ("bollocks");
INSERT INTO `BadWords`(`BadWord`) VALUES ("child-fucker");
INSERT INTO `BadWords`(`BadWord`) VALUES ("Christ on a bike");
INSERT INTO `BadWords`(`BadWord`) VALUES ("Christ on a cracker");
INSERT INTO `BadWords`(`BadWord`) VALUES ("swear word");
INSERT INTO `BadWords`(`BadWord`) VALUES ("godsdamn");
INSERT INTO `BadWords`(`BadWord`) VALUES ("holy shit");
INSERT INTO `BadWords`(`BadWord`) VALUES ("Jesus");
INSERT INTO `BadWords`(`BadWord`) VALUES ("Jesus Christ");
INSERT INTO `BadWords`(`BadWord`) VALUES ("Jesus H. Christ");
INSERT INTO `BadWords`(`BadWord`) VALUES ("Jesus Harold Christ");
INSERT INTO `BadWords`(`BadWord`) VALUES ("Jesus wept");
INSERT INTO `BadWords`(`BadWord`) VALUES ("Judas Priest");
INSERT INTO `BadWords`(`BadWord`) VALUES ("shit ass");
INSERT INTO `BadWords`(`BadWord`) VALUES ("shitass");
INSERT INTO `BadWords`(`BadWord`) VALUES ("son of a bitch");
INSERT INTO `BadWords`(`BadWord`) VALUES ("son of a motherless goat");
INSERT INTO `BadWords`(`BadWord`) VALUES ("son of a whore");
INSERT INTO `BadWords`(`BadWord`) VALUES ("sweet Jesus");
INSERT INTO `BadWords`(`BadWord`) VALUES ("2g1c");
INSERT INTO `BadWords`(`BadWord`) VALUES ("2 girls 1 cup");
INSERT INTO `BadWords`(`BadWord`) VALUES ("acrotomophilia");
INSERT INTO `BadWords`(`BadWord`) VALUES ("alabama hot pocket");
INSERT INTO `BadWords`(`BadWord`) VALUES ("alaskan pipeline");
INSERT INTO `BadWords`(`BadWord`) VALUES ("anilingus");
INSERT INTO `BadWords`(`BadWord`) VALUES ("apeshit");
INSERT INTO `BadWords`(`BadWord`) VALUES ("arsehole");
INSERT INTO `BadWords`(`BadWord`) VALUES ("assmunch");
INSERT INTO `BadWords`(`BadWord`) VALUES ("auto erotic");
INSERT INTO `BadWords`(`BadWord`) VALUES ("autoerotic");
INSERT INTO `BadWords`(`BadWord`) VALUES ("babeland");
INSERT INTO `BadWords`(`BadWord`) VALUES ("baby batter");
INSERT INTO `BadWords`(`BadWord`) VALUES ("baby juice");
INSERT INTO `BadWords`(`BadWord`) VALUES ("ball gag");
INSERT INTO `BadWords`(`BadWord`) VALUES ("ball gravy");
INSERT INTO `BadWords`(`BadWord`) VALUES ("ball kicking");
INSERT INTO `BadWords`(`BadWord`) VALUES ("ball licking");
INSERT INTO `BadWords`(`BadWord`) VALUES ("ball sack");
INSERT INTO `BadWords`(`BadWord`) VALUES ("ball sucking");
INSERT INTO `BadWords`(`BadWord`) VALUES ("bangbros");
INSERT INTO `BadWords`(`BadWord`) VALUES ("bareback");
INSERT INTO `BadWords`(`BadWord`) VALUES ("barely legal");
INSERT INTO `BadWords`(`BadWord`) VALUES ("barenaked");
INSERT INTO `BadWords`(`BadWord`) VALUES ("bastardo");
INSERT INTO `BadWords`(`BadWord`) VALUES ("bastinado");
INSERT INTO `BadWords`(`BadWord`) VALUES ("bbw");
INSERT INTO `BadWords`(`BadWord`) VALUES ("bdsm");
INSERT INTO `BadWords`(`BadWord`) VALUES ("beaner");
INSERT INTO `BadWords`(`BadWord`) VALUES ("beaners");
INSERT INTO `BadWords`(`BadWord`) VALUES ("beaver cleaver");
INSERT INTO `BadWords`(`BadWord`) VALUES ("beaver lips");
INSERT INTO `BadWords`(`BadWord`) VALUES ("big black");
INSERT INTO `BadWords`(`BadWord`) VALUES ("big breasts");
INSERT INTO `BadWords`(`BadWord`) VALUES ("big knockers");
INSERT INTO `BadWords`(`BadWord`) VALUES ("big tits");
INSERT INTO `BadWords`(`BadWord`) VALUES ("bimbos");
INSERT INTO `BadWords`(`BadWord`) VALUES ("birdlock");
INSERT INTO `BadWords`(`BadWord`) VALUES ("black cock");
INSERT INTO `BadWords`(`BadWord`) VALUES ("blonde action");
INSERT INTO `BadWords`(`BadWord`) VALUES ("blonde on blonde action");
INSERT INTO `BadWords`(`BadWord`) VALUES ("blow your load");
INSERT INTO `BadWords`(`BadWord`) VALUES ("blue waffle");
INSERT INTO `BadWords`(`BadWord`) VALUES ("blumpkin");
INSERT INTO `BadWords`(`BadWord`) VALUES ("bondage");
INSERT INTO `BadWords`(`BadWord`) VALUES ("booty call");
INSERT INTO `BadWords`(`BadWord`) VALUES ("brown showers");
INSERT INTO `BadWords`(`BadWord`) VALUES ("brunette action");
INSERT INTO `BadWords`(`BadWord`) VALUES ("bukkake");
INSERT INTO `BadWords`(`BadWord`) VALUES ("bulldyke");
INSERT INTO `BadWords`(`BadWord`) VALUES ("bullet vibe");
INSERT INTO `BadWords`(`BadWord`) VALUES ("bullshit");
INSERT INTO `BadWords`(`BadWord`) VALUES ("bung hole");
INSERT INTO `BadWords`(`BadWord`) VALUES ("bunghole");
INSERT INTO `BadWords`(`BadWord`) VALUES ("busty");
INSERT INTO `BadWords`(`BadWord`) VALUES ("buttcheeks");
INSERT INTO `BadWords`(`BadWord`) VALUES ("camel toe");
INSERT INTO `BadWords`(`BadWord`) VALUES ("camgirl");
INSERT INTO `BadWords`(`BadWord`) VALUES ("camslut");
INSERT INTO `BadWords`(`BadWord`) VALUES ("camwhore");
INSERT INTO `BadWords`(`BadWord`) VALUES ("carpetmuncher");
INSERT INTO `BadWords`(`BadWord`) VALUES ("chocolate rosebuds");
INSERT INTO `BadWords`(`BadWord`) VALUES ("circlejerk");
INSERT INTO `BadWords`(`BadWord`) VALUES ("cleveland steamer");
INSERT INTO `BadWords`(`BadWord`) VALUES ("clover clamps");
INSERT INTO `BadWords`(`BadWord`) VALUES ("clusterfuck");
INSERT INTO `BadWords`(`BadWord`) VALUES ("coprolagnia");
INSERT INTO `BadWords`(`BadWord`) VALUES ("coprophilia");
INSERT INTO `BadWords`(`BadWord`) VALUES ("cornhole");
INSERT INTO `BadWords`(`BadWord`) VALUES ("coons");
INSERT INTO `BadWords`(`BadWord`) VALUES ("creampie");
INSERT INTO `BadWords`(`BadWord`) VALUES ("darkie");
INSERT INTO `BadWords`(`BadWord`) VALUES ("date rape");
INSERT INTO `BadWords`(`BadWord`) VALUES ("daterape");
INSERT INTO `BadWords`(`BadWord`) VALUES ("deep throat");
INSERT INTO `BadWords`(`BadWord`) VALUES ("deepthroat");
INSERT INTO `BadWords`(`BadWord`) VALUES ("dendrophilia");
INSERT INTO `BadWords`(`BadWord`) VALUES ("dingleberry");
INSERT INTO `BadWords`(`BadWord`) VALUES ("dingleberries");
INSERT INTO `BadWords`(`BadWord`) VALUES ("dirty pillows");
INSERT INTO `BadWords`(`BadWord`) VALUES ("dirty sanchez");
INSERT INTO `BadWords`(`BadWord`) VALUES ("doggie style");
INSERT INTO `BadWords`(`BadWord`) VALUES ("doggiestyle");
INSERT INTO `BadWords`(`BadWord`) VALUES ("doggy style");
INSERT INTO `BadWords`(`BadWord`) VALUES ("doggystyle");
INSERT INTO `BadWords`(`BadWord`) VALUES ("dog style");
INSERT INTO `BadWords`(`BadWord`) VALUES ("dolcett");
INSERT INTO `BadWords`(`BadWord`) VALUES ("domination");
INSERT INTO `BadWords`(`BadWord`) VALUES ("dominatrix");
INSERT INTO `BadWords`(`BadWord`) VALUES ("dommes");
INSERT INTO `BadWords`(`BadWord`) VALUES ("donkey punch");
INSERT INTO `BadWords`(`BadWord`) VALUES ("double dong");
INSERT INTO `BadWords`(`BadWord`) VALUES ("double penetration");
INSERT INTO `BadWords`(`BadWord`) VALUES ("dp action");
INSERT INTO `BadWords`(`BadWord`) VALUES ("dry hump");
INSERT INTO `BadWords`(`BadWord`) VALUES ("dvda");
INSERT INTO `BadWords`(`BadWord`) VALUES ("eat my ass");
INSERT INTO `BadWords`(`BadWord`) VALUES ("ecchi");
INSERT INTO `BadWords`(`BadWord`) VALUES ("erotic");
INSERT INTO `BadWords`(`BadWord`) VALUES ("erotism");
INSERT INTO `BadWords`(`BadWord`) VALUES ("escort");
INSERT INTO `BadWords`(`BadWord`) VALUES ("eunuch");
INSERT INTO `BadWords`(`BadWord`) VALUES ("fecal");
INSERT INTO `BadWords`(`BadWord`) VALUES ("felch");
INSERT INTO `BadWords`(`BadWord`) VALUES ("feltch");
INSERT INTO `BadWords`(`BadWord`) VALUES ("female squirting");
INSERT INTO `BadWords`(`BadWord`) VALUES ("femdom");
INSERT INTO `BadWords`(`BadWord`) VALUES ("figging");
INSERT INTO `BadWords`(`BadWord`) VALUES ("fingerbang");
INSERT INTO `BadWords`(`BadWord`) VALUES ("fingering");
INSERT INTO `BadWords`(`BadWord`) VALUES ("fisting");
INSERT INTO `BadWords`(`BadWord`) VALUES ("foot fetish");
INSERT INTO `BadWords`(`BadWord`) VALUES ("footjob");
INSERT INTO `BadWords`(`BadWord`) VALUES ("frotting");
INSERT INTO `BadWords`(`BadWord`) VALUES ("fuck buttons");
INSERT INTO `BadWords`(`BadWord`) VALUES ("fucktards");
INSERT INTO `BadWords`(`BadWord`) VALUES ("futanari");
INSERT INTO `BadWords`(`BadWord`) VALUES ("gang bang");
INSERT INTO `BadWords`(`BadWord`) VALUES ("gay sex");
INSERT INTO `BadWords`(`BadWord`) VALUES ("genitals");
INSERT INTO `BadWords`(`BadWord`) VALUES ("giant cock");
INSERT INTO `BadWords`(`BadWord`) VALUES ("girl on");
INSERT INTO `BadWords`(`BadWord`) VALUES ("girl on top");
INSERT INTO `BadWords`(`BadWord`) VALUES ("girls gone wild");
INSERT INTO `BadWords`(`BadWord`) VALUES ("goatcx");
INSERT INTO `BadWords`(`BadWord`) VALUES ("god damn");
INSERT INTO `BadWords`(`BadWord`) VALUES ("gokkun");
INSERT INTO `BadWords`(`BadWord`) VALUES ("golden shower");
INSERT INTO `BadWords`(`BadWord`) VALUES ("goodpoop");
INSERT INTO `BadWords`(`BadWord`) VALUES ("goo girl");
INSERT INTO `BadWords`(`BadWord`) VALUES ("goregasm");
INSERT INTO `BadWords`(`BadWord`) VALUES ("grope");
INSERT INTO `BadWords`(`BadWord`) VALUES ("group sex");
INSERT INTO `BadWords`(`BadWord`) VALUES ("g-spot");
INSERT INTO `BadWords`(`BadWord`) VALUES ("guro");
INSERT INTO `BadWords`(`BadWord`) VALUES ("hand job");
INSERT INTO `BadWords`(`BadWord`) VALUES ("handjob");
INSERT INTO `BadWords`(`BadWord`) VALUES ("hard core");
INSERT INTO `BadWords`(`BadWord`) VALUES ("hardcore");
INSERT INTO `BadWords`(`BadWord`) VALUES ("hentai");
INSERT INTO `BadWords`(`BadWord`) VALUES ("homoerotic");
INSERT INTO `BadWords`(`BadWord`) VALUES ("honkey");
INSERT INTO `BadWords`(`BadWord`) VALUES ("hooker");
INSERT INTO `BadWords`(`BadWord`) VALUES ("hot carl");
INSERT INTO `BadWords`(`BadWord`) VALUES ("hot chick");
INSERT INTO `BadWords`(`BadWord`) VALUES ("how to kill");
INSERT INTO `BadWords`(`BadWord`) VALUES ("how to murder");
INSERT INTO `BadWords`(`BadWord`) VALUES ("huge fat");
INSERT INTO `BadWords`(`BadWord`) VALUES ("humping");
INSERT INTO `BadWords`(`BadWord`) VALUES ("incest");
INSERT INTO `BadWords`(`BadWord`) VALUES ("intercourse");
INSERT INTO `BadWords`(`BadWord`) VALUES ("jack off");
INSERT INTO `BadWords`(`BadWord`) VALUES ("jail bait");
INSERT INTO `BadWords`(`BadWord`) VALUES ("jailbait");
INSERT INTO `BadWords`(`BadWord`) VALUES ("jelly donut");
INSERT INTO `BadWords`(`BadWord`) VALUES ("jerk off");
INSERT INTO `BadWords`(`BadWord`) VALUES ("jigaboo");
INSERT INTO `BadWords`(`BadWord`) VALUES ("jiggaboo");
INSERT INTO `BadWords`(`BadWord`) VALUES ("jiggerboo");
INSERT INTO `BadWords`(`BadWord`) VALUES ("juggs");
INSERT INTO `BadWords`(`BadWord`) VALUES ("kike");
INSERT INTO `BadWords`(`BadWord`) VALUES ("kinbaku");
INSERT INTO `BadWords`(`BadWord`) VALUES ("kinkster");
INSERT INTO `BadWords`(`BadWord`) VALUES ("kinky");
INSERT INTO `BadWords`(`BadWord`) VALUES ("knobbing");
INSERT INTO `BadWords`(`BadWord`) VALUES ("leather restraint");
INSERT INTO `BadWords`(`BadWord`) VALUES ("leather straight jacket");
INSERT INTO `BadWords`(`BadWord`) VALUES ("lemon party");
INSERT INTO `BadWords`(`BadWord`) VALUES ("lolita");
INSERT INTO `BadWords`(`BadWord`) VALUES ("lovemaking");
INSERT INTO `BadWords`(`BadWord`) VALUES ("make me come");
INSERT INTO `BadWords`(`BadWord`) VALUES ("male squirting");
INSERT INTO `BadWords`(`BadWord`) VALUES ("menage a trois");
INSERT INTO `BadWords`(`BadWord`) VALUES ("milf");
INSERT INTO `BadWords`(`BadWord`) VALUES ("missionary position");
INSERT INTO `BadWords`(`BadWord`) VALUES ("mound of venus");
INSERT INTO `BadWords`(`BadWord`) VALUES ("mr hands");
INSERT INTO `BadWords`(`BadWord`) VALUES ("muff diver");
INSERT INTO `BadWords`(`BadWord`) VALUES ("muffdiving");
INSERT INTO `BadWords`(`BadWord`) VALUES ("nambla");
INSERT INTO `BadWords`(`BadWord`) VALUES ("nawashi");
INSERT INTO `BadWords`(`BadWord`) VALUES ("negro");
INSERT INTO `BadWords`(`BadWord`) VALUES ("neonazi");
INSERT INTO `BadWords`(`BadWord`) VALUES ("nig nog");
INSERT INTO `BadWords`(`BadWord`) VALUES ("nimphomania");
INSERT INTO `BadWords`(`BadWord`) VALUES ("nipple");
INSERT INTO `BadWords`(`BadWord`) VALUES ("nipples");
INSERT INTO `BadWords`(`BadWord`) VALUES ("nsfw images");
INSERT INTO `BadWords`(`BadWord`) VALUES ("nude");
INSERT INTO `BadWords`(`BadWord`) VALUES ("nudity");
INSERT INTO `BadWords`(`BadWord`) VALUES ("nympho");
INSERT INTO `BadWords`(`BadWord`) VALUES ("nymphomania");
INSERT INTO `BadWords`(`BadWord`) VALUES ("octopussy");
INSERT INTO `BadWords`(`BadWord`) VALUES ("omorashi");
INSERT INTO `BadWords`(`BadWord`) VALUES ("one cup two girls");
INSERT INTO `BadWords`(`BadWord`) VALUES ("one guy one jar");
INSERT INTO `BadWords`(`BadWord`) VALUES ("orgy");
INSERT INTO `BadWords`(`BadWord`) VALUES ("paedophile");
INSERT INTO `BadWords`(`BadWord`) VALUES ("paki");
INSERT INTO `BadWords`(`BadWord`) VALUES ("panties");
INSERT INTO `BadWords`(`BadWord`) VALUES ("panty");
INSERT INTO `BadWords`(`BadWord`) VALUES ("pedobear");
INSERT INTO `BadWords`(`BadWord`) VALUES ("pedophile");
INSERT INTO `BadWords`(`BadWord`) VALUES ("pegging");
INSERT INTO `BadWords`(`BadWord`) VALUES ("phone sex");
INSERT INTO `BadWords`(`BadWord`) VALUES ("piece of shit");
INSERT INTO `BadWords`(`BadWord`) VALUES ("piss pig");
INSERT INTO `BadWords`(`BadWord`) VALUES ("pisspig");
INSERT INTO `BadWords`(`BadWord`) VALUES ("playboy");
INSERT INTO `BadWords`(`BadWord`) VALUES ("pleasure chest");
INSERT INTO `BadWords`(`BadWord`) VALUES ("pole smoker");
INSERT INTO `BadWords`(`BadWord`) VALUES ("ponyplay");
INSERT INTO `BadWords`(`BadWord`) VALUES ("poof");
INSERT INTO `BadWords`(`BadWord`) VALUES ("poon");
INSERT INTO `BadWords`(`BadWord`) VALUES ("poontang");
INSERT INTO `BadWords`(`BadWord`) VALUES ("punany");
INSERT INTO `BadWords`(`BadWord`) VALUES ("poop chute");
INSERT INTO `BadWords`(`BadWord`) VALUES ("poopchute");
INSERT INTO `BadWords`(`BadWord`) VALUES ("prince albert piercing");
INSERT INTO `BadWords`(`BadWord`) VALUES ("pthc");
INSERT INTO `BadWords`(`BadWord`) VALUES ("pubes");
INSERT INTO `BadWords`(`BadWord`) VALUES ("queaf");
INSERT INTO `BadWords`(`BadWord`) VALUES ("queef");
INSERT INTO `BadWords`(`BadWord`) VALUES ("quim");
INSERT INTO `BadWords`(`BadWord`) VALUES ("raghead");
INSERT INTO `BadWords`(`BadWord`) VALUES ("raging boner");
INSERT INTO `BadWords`(`BadWord`) VALUES ("rape");
INSERT INTO `BadWords`(`BadWord`) VALUES ("raping");
INSERT INTO `BadWords`(`BadWord`) VALUES ("rapist");
INSERT INTO `BadWords`(`BadWord`) VALUES ("reverse cowgirl");
INSERT INTO `BadWords`(`BadWord`) VALUES ("rimjob");
INSERT INTO `BadWords`(`BadWord`) VALUES ("rosy palm");
INSERT INTO `BadWords`(`BadWord`) VALUES ("rosy palm and her 5 sisters");
INSERT INTO `BadWords`(`BadWord`) VALUES ("rusty trombone");
INSERT INTO `BadWords`(`BadWord`) VALUES ("sadism");
INSERT INTO `BadWords`(`BadWord`) VALUES ("santorum");
INSERT INTO `BadWords`(`BadWord`) VALUES ("scat");
INSERT INTO `BadWords`(`BadWord`) VALUES ("scissoring");
INSERT INTO `BadWords`(`BadWord`) VALUES ("sexo");
INSERT INTO `BadWords`(`BadWord`) VALUES ("sexy");
INSERT INTO `BadWords`(`BadWord`) VALUES ("shaved beaver");
INSERT INTO `BadWords`(`BadWord`) VALUES ("shaved pussy");
INSERT INTO `BadWords`(`BadWord`) VALUES ("shibari");
INSERT INTO `BadWords`(`BadWord`) VALUES ("shitblimp");
INSERT INTO `BadWords`(`BadWord`) VALUES ("shota");
INSERT INTO `BadWords`(`BadWord`) VALUES ("shrimping");
INSERT INTO `BadWords`(`BadWord`) VALUES ("skeet");
INSERT INTO `BadWords`(`BadWord`) VALUES ("slanteye");
INSERT INTO `BadWords`(`BadWord`) VALUES ("s&m");
INSERT INTO `BadWords`(`BadWord`) VALUES ("snowballing");
INSERT INTO `BadWords`(`BadWord`) VALUES ("sodomize");
INSERT INTO `BadWords`(`BadWord`) VALUES ("sodomy");
INSERT INTO `BadWords`(`BadWord`) VALUES ("spic");
INSERT INTO `BadWords`(`BadWord`) VALUES ("splooge");
INSERT INTO `BadWords`(`BadWord`) VALUES ("splooge moose");
INSERT INTO `BadWords`(`BadWord`) VALUES ("spooge");
INSERT INTO `BadWords`(`BadWord`) VALUES ("spread legs");
INSERT INTO `BadWords`(`BadWord`) VALUES ("strap on");
INSERT INTO `BadWords`(`BadWord`) VALUES ("strapon");
INSERT INTO `BadWords`(`BadWord`) VALUES ("strappado");
INSERT INTO `BadWords`(`BadWord`) VALUES ("strip club");
INSERT INTO `BadWords`(`BadWord`) VALUES ("style doggy");
INSERT INTO `BadWords`(`BadWord`) VALUES ("suck");
INSERT INTO `BadWords`(`BadWord`) VALUES ("sucks");
INSERT INTO `BadWords`(`BadWord`) VALUES ("suicide girls");
INSERT INTO `BadWords`(`BadWord`) VALUES ("sultry women");
INSERT INTO `BadWords`(`BadWord`) VALUES ("swastika");
INSERT INTO `BadWords`(`BadWord`) VALUES ("swinger");
INSERT INTO `BadWords`(`BadWord`) VALUES ("tainted love");
INSERT INTO `BadWords`(`BadWord`) VALUES ("taste my");
INSERT INTO `BadWords`(`BadWord`) VALUES ("tea bagging");
INSERT INTO `BadWords`(`BadWord`) VALUES ("threesome");
INSERT INTO `BadWords`(`BadWord`) VALUES ("throating");
INSERT INTO `BadWords`(`BadWord`) VALUES ("tied up");
INSERT INTO `BadWords`(`BadWord`) VALUES ("tight white");
INSERT INTO `BadWords`(`BadWord`) VALUES ("titty");
INSERT INTO `BadWords`(`BadWord`) VALUES ("tongue in a");
INSERT INTO `BadWords`(`BadWord`) VALUES ("topless");
INSERT INTO `BadWords`(`BadWord`) VALUES ("towelhead");
INSERT INTO `BadWords`(`BadWord`) VALUES ("tranny");
INSERT INTO `BadWords`(`BadWord`) VALUES ("tribadism");
INSERT INTO `BadWords`(`BadWord`) VALUES ("tub girl");
INSERT INTO `BadWords`(`BadWord`) VALUES ("tubgirl");
INSERT INTO `BadWords`(`BadWord`) VALUES ("tushy");
INSERT INTO `BadWords`(`BadWord`) VALUES ("twink");
INSERT INTO `BadWords`(`BadWord`) VALUES ("twinkie");
INSERT INTO `BadWords`(`BadWord`) VALUES ("two girls one cup");
INSERT INTO `BadWords`(`BadWord`) VALUES ("undressing");
INSERT INTO `BadWords`(`BadWord`) VALUES ("upskirt");
INSERT INTO `BadWords`(`BadWord`) VALUES ("urethra play");
INSERT INTO `BadWords`(`BadWord`) VALUES ("urophilia");
INSERT INTO `BadWords`(`BadWord`) VALUES ("venus mound");
INSERT INTO `BadWords`(`BadWord`) VALUES ("vibrator");
INSERT INTO `BadWords`(`BadWord`) VALUES ("violet wand");
INSERT INTO `BadWords`(`BadWord`) VALUES ("vorarephilia");
INSERT INTO `BadWords`(`BadWord`) VALUES ("voyeur");
INSERT INTO `BadWords`(`BadWord`) VALUES ("wetback");
INSERT INTO `BadWords`(`BadWord`) VALUES ("wet dream");
INSERT INTO `BadWords`(`BadWord`) VALUES ("white power");
INSERT INTO `BadWords`(`BadWord`) VALUES ("wrapping men");
INSERT INTO `BadWords`(`BadWord`) VALUES ("wrinkled starfish");
INSERT INTO `BadWords`(`BadWord`) VALUES ("xx");
INSERT INTO `BadWords`(`BadWord`) VALUES ("yaoi");
INSERT INTO `BadWords`(`BadWord`) VALUES ("yellow showers");
INSERT INTO `BadWords`(`BadWord`) VALUES ("yiffy");
INSERT INTO `BadWords`(`BadWord`) VALUES ("zoophilia");
INSERT INTO `BadWords`(`BadWord`) VALUES ("a54");
INSERT INTO `BadWords`(`BadWord`) VALUES ("buttmunch");
INSERT INTO `BadWords`(`BadWord`) VALUES ("donkeypunch");
INSERT INTO `BadWords`(`BadWord`) VALUES ("fleshflute");
INSERT INTO `BadWords`(`BadWord`) VALUES ("asswipe");
INSERT INTO `BadWords`(`BadWord`) VALUES ("ho");
INSERT INTO `BadWords`(`BadWord`) VALUES ("bitchass");
INSERT INTO `BadWords`(`BadWord`) VALUES ("moo moo foo foo");
INSERT INTO `BadWords`(`BadWord`) VALUES ("trumped");
INSERT INTO `BadWords`(`BadWord`) VALUES ("assbag");
INSERT INTO `BadWords`(`BadWord`) VALUES ("assbandit");
INSERT INTO `BadWords`(`BadWord`) VALUES ("assbanger");
INSERT INTO `BadWords`(`BadWord`) VALUES ("assbite");
INSERT INTO `BadWords`(`BadWord`) VALUES ("assclown");
INSERT INTO `BadWords`(`BadWord`) VALUES ("asscock");
INSERT INTO `BadWords`(`BadWord`) VALUES ("asscracker");
INSERT INTO `BadWords`(`BadWord`) VALUES ("assface");
INSERT INTO `BadWords`(`BadWord`) VALUES ("assfuck");
INSERT INTO `BadWords`(`BadWord`) VALUES ("assgoblin");
INSERT INTO `BadWords`(`BadWord`) VALUES ("asshat");
INSERT INTO `BadWords`(`BadWord`) VALUES ("ass-hat");
INSERT INTO `BadWords`(`BadWord`) VALUES ("asshead");
INSERT INTO `BadWords`(`BadWord`) VALUES ("asshopper");
INSERT INTO `BadWords`(`BadWord`) VALUES ("ass-jabber");
INSERT INTO `BadWords`(`BadWord`) VALUES ("assjacker");
INSERT INTO `BadWords`(`BadWord`) VALUES ("asslick");
INSERT INTO `BadWords`(`BadWord`) VALUES ("asslicker");
INSERT INTO `BadWords`(`BadWord`) VALUES ("assmonkey");
INSERT INTO `BadWords`(`BadWord`) VALUES ("assmuncher");
INSERT INTO `BadWords`(`BadWord`) VALUES ("assnigger");
INSERT INTO `BadWords`(`BadWord`) VALUES ("asspirate");
INSERT INTO `BadWords`(`BadWord`) VALUES ("ass-pirate");
INSERT INTO `BadWords`(`BadWord`) VALUES ("assshit");
INSERT INTO `BadWords`(`BadWord`) VALUES ("assshole");
INSERT INTO `BadWords`(`BadWord`) VALUES ("asssucker");
INSERT INTO `BadWords`(`BadWord`) VALUES ("asswad");
INSERT INTO `BadWords`(`BadWord`) VALUES ("axwound");
INSERT INTO `BadWords`(`BadWord`) VALUES ("bampot");
INSERT INTO `BadWords`(`BadWord`) VALUES ("bitchtits");
INSERT INTO `BadWords`(`BadWord`) VALUES ("bitchy");
INSERT INTO `BadWords`(`BadWord`) VALUES ("bollox");
INSERT INTO `BadWords`(`BadWord`) VALUES ("brotherfucker");
INSERT INTO `BadWords`(`BadWord`) VALUES ("bumblefuck");
INSERT INTO `BadWords`(`BadWord`) VALUES ("butt plug");
INSERT INTO `BadWords`(`BadWord`) VALUES ("buttfucka");
INSERT INTO `BadWords`(`BadWord`) VALUES ("butt-pirate");
INSERT INTO `BadWords`(`BadWord`) VALUES ("buttfucker");
INSERT INTO `BadWords`(`BadWord`) VALUES ("chesticle");
INSERT INTO `BadWords`(`BadWord`) VALUES ("chinc");
INSERT INTO `BadWords`(`BadWord`) VALUES ("choad");
INSERT INTO `BadWords`(`BadWord`) VALUES ("chode");
INSERT INTO `BadWords`(`BadWord`) VALUES ("clitface");
INSERT INTO `BadWords`(`BadWord`) VALUES ("clitfuck");
INSERT INTO `BadWords`(`BadWord`) VALUES ("cockass");
INSERT INTO `BadWords`(`BadWord`) VALUES ("cockbite");
INSERT INTO `BadWords`(`BadWord`) VALUES ("cockburger");
INSERT INTO `BadWords`(`BadWord`) VALUES ("cockfucker");
INSERT INTO `BadWords`(`BadWord`) VALUES ("cockjockey");
INSERT INTO `BadWords`(`BadWord`) VALUES ("cockknoker");
INSERT INTO `BadWords`(`BadWord`) VALUES ("cockmaster");
INSERT INTO `BadWords`(`BadWord`) VALUES ("cockmongler");
INSERT INTO `BadWords`(`BadWord`) VALUES ("cockmongruel");
INSERT INTO `BadWords`(`BadWord`) VALUES ("cockmonkey");
INSERT INTO `BadWords`(`BadWord`) VALUES ("cocknose");
INSERT INTO `BadWords`(`BadWord`) VALUES ("cocknugget");
INSERT INTO `BadWords`(`BadWord`) VALUES ("cockshit");
INSERT INTO `BadWords`(`BadWord`) VALUES ("cocksmith");
INSERT INTO `BadWords`(`BadWord`) VALUES ("cocksmoke");
INSERT INTO `BadWords`(`BadWord`) VALUES ("cocksmoker");
INSERT INTO `BadWords`(`BadWord`) VALUES ("cocksniffer");
INSERT INTO `BadWords`(`BadWord`) VALUES ("cockwaffle");
INSERT INTO `BadWords`(`BadWord`) VALUES ("coochie");
INSERT INTO `BadWords`(`BadWord`) VALUES ("coochy");
INSERT INTO `BadWords`(`BadWord`) VALUES ("cooter");
INSERT INTO `BadWords`(`BadWord`) VALUES ("cracker");
INSERT INTO `BadWords`(`BadWord`) VALUES ("cumbubble");
INSERT INTO `BadWords`(`BadWord`) VALUES ("cumdumpster");
INSERT INTO `BadWords`(`BadWord`) VALUES ("cumguzzler");
INSERT INTO `BadWords`(`BadWord`) VALUES ("cumjockey");
INSERT INTO `BadWords`(`BadWord`) VALUES ("cumslut");
INSERT INTO `BadWords`(`BadWord`) VALUES ("cumtart");
INSERT INTO `BadWords`(`BadWord`) VALUES ("cunnie");
INSERT INTO `BadWords`(`BadWord`) VALUES ("cuntass");
INSERT INTO `BadWords`(`BadWord`) VALUES ("cuntface");
INSERT INTO `BadWords`(`BadWord`) VALUES ("cunthole");
INSERT INTO `BadWords`(`BadWord`) VALUES ("cuntrag");
INSERT INTO `BadWords`(`BadWord`) VALUES ("cuntslut");
INSERT INTO `BadWords`(`BadWord`) VALUES ("dago");
INSERT INTO `BadWords`(`BadWord`) VALUES ("deggo");
INSERT INTO `BadWords`(`BadWord`) VALUES ("dickbag");
INSERT INTO `BadWords`(`BadWord`) VALUES ("dickbeaters");
INSERT INTO `BadWords`(`BadWord`) VALUES ("dickface");
INSERT INTO `BadWords`(`BadWord`) VALUES ("dickfuck");
INSERT INTO `BadWords`(`BadWord`) VALUES ("dickfucker");
INSERT INTO `BadWords`(`BadWord`) VALUES ("dickhole");
INSERT INTO `BadWords`(`BadWord`) VALUES ("dickjuice");
INSERT INTO `BadWords`(`BadWord`) VALUES ("dickmilk?");
INSERT INTO `BadWords`(`BadWord`) VALUES ("dickmonger");
INSERT INTO `BadWords`(`BadWord`) VALUES ("dicks");
INSERT INTO `BadWords`(`BadWord`) VALUES ("dickslap");
INSERT INTO `BadWords`(`BadWord`) VALUES ("dick-sneeze");
INSERT INTO `BadWords`(`BadWord`) VALUES ("dicksucker");
INSERT INTO `BadWords`(`BadWord`) VALUES ("dicksucking");
INSERT INTO `BadWords`(`BadWord`) VALUES ("dicktickler");
INSERT INTO `BadWords`(`BadWord`) VALUES ("dickwad");
INSERT INTO `BadWords`(`BadWord`) VALUES ("dickweasel");
INSERT INTO `BadWords`(`BadWord`) VALUES ("dickweed");
INSERT INTO `BadWords`(`BadWord`) VALUES ("dickwod");
INSERT INTO `BadWords`(`BadWord`) VALUES ("dike");
INSERT INTO `BadWords`(`BadWord`) VALUES ("dipshit");
INSERT INTO `BadWords`(`BadWord`) VALUES ("doochbag");
INSERT INTO `BadWords`(`BadWord`) VALUES ("dookie");
INSERT INTO `BadWords`(`BadWord`) VALUES ("douche");
INSERT INTO `BadWords`(`BadWord`) VALUES ("douchebag");
INSERT INTO `BadWords`(`BadWord`) VALUES ("douche-fag");
INSERT INTO `BadWords`(`BadWord`) VALUES ("douchewaffle");
INSERT INTO `BadWords`(`BadWord`) VALUES ("dumass");
INSERT INTO `BadWords`(`BadWord`) VALUES ("dumb ass");
INSERT INTO `BadWords`(`BadWord`) VALUES ("dumbass");
INSERT INTO `BadWords`(`BadWord`) VALUES ("dumbfuck");
INSERT INTO `BadWords`(`BadWord`) VALUES ("dumbshit");
INSERT INTO `BadWords`(`BadWord`) VALUES ("dumshit");
INSERT INTO `BadWords`(`BadWord`) VALUES ("fagbag");
INSERT INTO `BadWords`(`BadWord`) VALUES ("fagfucker");
INSERT INTO `BadWords`(`BadWord`) VALUES ("faggit");
INSERT INTO `BadWords`(`BadWord`) VALUES ("faggotcock");
INSERT INTO `BadWords`(`BadWord`) VALUES ("fagtard");
INSERT INTO `BadWords`(`BadWord`) VALUES ("flamer");
INSERT INTO `BadWords`(`BadWord`) VALUES ("fuckass");
INSERT INTO `BadWords`(`BadWord`) VALUES ("fuckbag");
INSERT INTO `BadWords`(`BadWord`) VALUES ("fuckboy");
INSERT INTO `BadWords`(`BadWord`) VALUES ("fuckbrain");
INSERT INTO `BadWords`(`BadWord`) VALUES ("fuckbutt");
INSERT INTO `BadWords`(`BadWord`) VALUES ("fuckbutter");
INSERT INTO `BadWords`(`BadWord`) VALUES ("fuckersucker");
INSERT INTO `BadWords`(`BadWord`) VALUES ("fuckface");
INSERT INTO `BadWords`(`BadWord`) VALUES ("fuckhole");
INSERT INTO `BadWords`(`BadWord`) VALUES ("fucknut");
INSERT INTO `BadWords`(`BadWord`) VALUES ("fucknutt");
INSERT INTO `BadWords`(`BadWord`) VALUES ("fuckoff");
INSERT INTO `BadWords`(`BadWord`) VALUES ("fuckstick");
INSERT INTO `BadWords`(`BadWord`) VALUES ("fucktard");
INSERT INTO `BadWords`(`BadWord`) VALUES ("fucktart");
INSERT INTO `BadWords`(`BadWord`) VALUES ("fuckup");
INSERT INTO `BadWords`(`BadWord`) VALUES ("fuckwad");
INSERT INTO `BadWords`(`BadWord`) VALUES ("fuckwitt");
INSERT INTO `BadWords`(`BadWord`) VALUES ("gay");
INSERT INTO `BadWords`(`BadWord`) VALUES ("gayass");
INSERT INTO `BadWords`(`BadWord`) VALUES ("gaybob");
INSERT INTO `BadWords`(`BadWord`) VALUES ("gaydo");
INSERT INTO `BadWords`(`BadWord`) VALUES ("gayfuck");
INSERT INTO `BadWords`(`BadWord`) VALUES ("gayfuckist");
INSERT INTO `BadWords`(`BadWord`) VALUES ("gaytard");
INSERT INTO `BadWords`(`BadWord`) VALUES ("gaywad");
INSERT INTO `BadWords`(`BadWord`) VALUES ("goddamnit");
INSERT INTO `BadWords`(`BadWord`) VALUES ("gooch");
INSERT INTO `BadWords`(`BadWord`) VALUES ("gook");
INSERT INTO `BadWords`(`BadWord`) VALUES ("gringo");
INSERT INTO `BadWords`(`BadWord`) VALUES ("guido");
INSERT INTO `BadWords`(`BadWord`) VALUES ("hard on");
INSERT INTO `BadWords`(`BadWord`) VALUES ("heeb");
INSERT INTO `BadWords`(`BadWord`) VALUES ("hoe");
INSERT INTO `BadWords`(`BadWord`) VALUES ("homodumbshit");
INSERT INTO `BadWords`(`BadWord`) VALUES ("jackass");
INSERT INTO `BadWords`(`BadWord`) VALUES ("jagoff");
INSERT INTO `BadWords`(`BadWord`) VALUES ("jerkass");
INSERT INTO `BadWords`(`BadWord`) VALUES ("jungle bunny");
INSERT INTO `BadWords`(`BadWord`) VALUES ("junglebunny");
INSERT INTO `BadWords`(`BadWord`) VALUES ("kooch");
INSERT INTO `BadWords`(`BadWord`) VALUES ("kootch");
INSERT INTO `BadWords`(`BadWord`) VALUES ("kraut");
INSERT INTO `BadWords`(`BadWord`) VALUES ("kunt");
INSERT INTO `BadWords`(`BadWord`) VALUES ("kyke");
INSERT INTO `BadWords`(`BadWord`) VALUES ("lameass");
INSERT INTO `BadWords`(`BadWord`) VALUES ("lardass");
INSERT INTO `BadWords`(`BadWord`) VALUES ("lesbian");
INSERT INTO `BadWords`(`BadWord`) VALUES ("lesbo");
INSERT INTO `BadWords`(`BadWord`) VALUES ("lezzie");
INSERT INTO `BadWords`(`BadWord`) VALUES ("mcfagget");
INSERT INTO `BadWords`(`BadWord`) VALUES ("mick");
INSERT INTO `BadWords`(`BadWord`) VALUES ("minge");
INSERT INTO `BadWords`(`BadWord`) VALUES ("muffdiver");
INSERT INTO `BadWords`(`BadWord`) VALUES ("munging");
INSERT INTO `BadWords`(`BadWord`) VALUES ("nigaboo");
INSERT INTO `BadWords`(`BadWord`) VALUES ("niglet");
INSERT INTO `BadWords`(`BadWord`) VALUES ("nut sack");
INSERT INTO `BadWords`(`BadWord`) VALUES ("panooch");
INSERT INTO `BadWords`(`BadWord`) VALUES ("peckerhead");
INSERT INTO `BadWords`(`BadWord`) VALUES ("penisbanger");
INSERT INTO `BadWords`(`BadWord`) VALUES ("penispuffer");
INSERT INTO `BadWords`(`BadWord`) VALUES ("pissed off");
INSERT INTO `BadWords`(`BadWord`) VALUES ("polesmoker");
INSERT INTO `BadWords`(`BadWord`) VALUES ("pollock");
INSERT INTO `BadWords`(`BadWord`) VALUES ("poonani");
INSERT INTO `BadWords`(`BadWord`) VALUES ("poonany");
INSERT INTO `BadWords`(`BadWord`) VALUES ("porch monkey");
INSERT INTO `BadWords`(`BadWord`) VALUES ("porchmonkey");
INSERT INTO `BadWords`(`BadWord`) VALUES ("punanny");
INSERT INTO `BadWords`(`BadWord`) VALUES ("punta");
INSERT INTO `BadWords`(`BadWord`) VALUES ("pussylicking");
INSERT INTO `BadWords`(`BadWord`) VALUES ("puto");
INSERT INTO `BadWords`(`BadWord`) VALUES ("queer");
INSERT INTO `BadWords`(`BadWord`) VALUES ("queerbait");
INSERT INTO `BadWords`(`BadWord`) VALUES ("queerhole");
INSERT INTO `BadWords`(`BadWord`) VALUES ("renob");
INSERT INTO `BadWords`(`BadWord`) VALUES ("ruski");
INSERT INTO `BadWords`(`BadWord`) VALUES ("sand nigger");
INSERT INTO `BadWords`(`BadWord`) VALUES ("sandnigger");
INSERT INTO `BadWords`(`BadWord`) VALUES ("shitbag");
INSERT INTO `BadWords`(`BadWord`) VALUES ("shitbagger");
INSERT INTO `BadWords`(`BadWord`) VALUES ("shitbrains");
INSERT INTO `BadWords`(`BadWord`) VALUES ("shitbreath");
INSERT INTO `BadWords`(`BadWord`) VALUES ("shitcanned");
INSERT INTO `BadWords`(`BadWord`) VALUES ("shitcunt");
INSERT INTO `BadWords`(`BadWord`) VALUES ("shitface");
INSERT INTO `BadWords`(`BadWord`) VALUES ("shitfaced");
INSERT INTO `BadWords`(`BadWord`) VALUES ("shithole");
INSERT INTO `BadWords`(`BadWord`) VALUES ("shithouse");
INSERT INTO `BadWords`(`BadWord`) VALUES ("shitspitter");
INSERT INTO `BadWords`(`BadWord`) VALUES ("shitstain");
INSERT INTO `BadWords`(`BadWord`) VALUES ("shittiest");
INSERT INTO `BadWords`(`BadWord`) VALUES ("shiz");
INSERT INTO `BadWords`(`BadWord`) VALUES ("shiznit");
INSERT INTO `BadWords`(`BadWord`) VALUES ("skullfuck");
INSERT INTO `BadWords`(`BadWord`) VALUES ("slutbag");
INSERT INTO `BadWords`(`BadWord`) VALUES ("smeg");
INSERT INTO `BadWords`(`BadWord`) VALUES ("spick");
INSERT INTO `BadWords`(`BadWord`) VALUES ("spook");
INSERT INTO `BadWords`(`BadWord`) VALUES ("suckass");
INSERT INTO `BadWords`(`BadWord`) VALUES ("tard");
INSERT INTO `BadWords`(`BadWord`) VALUES ("thundercunt");
INSERT INTO `BadWords`(`BadWord`) VALUES ("twatlips");
INSERT INTO `BadWords`(`BadWord`) VALUES ("twats");
INSERT INTO `BadWords`(`BadWord`) VALUES ("twatwaffle");
INSERT INTO `BadWords`(`BadWord`) VALUES ("unclefucker");
INSERT INTO `BadWords`(`BadWord`) VALUES ("vag");
INSERT INTO `BadWords`(`BadWord`) VALUES ("vajayjay");
INSERT INTO `BadWords`(`BadWord`) VALUES ("va-j-j");
INSERT INTO `BadWords`(`BadWord`) VALUES ("vjayjay");
INSERT INTO `BadWords`(`BadWord`) VALUES ("wankjob");
INSERT INTO `BadWords`(`BadWord`) VALUES ("whorebag");
INSERT INTO `BadWords`(`BadWord`) VALUES ("whoreface");
INSERT INTO `BadWords`(`BadWord`) VALUES ("wop");
INSERT INTO `BadWords`(`BadWord`) VALUES ("fuck you");
INSERT INTO `BadWords`(`BadWord`) VALUES ("piss off");
INSERT INTO `BadWords`(`BadWord`) VALUES ("dick head");
INSERT INTO `BadWords`(`BadWord`) VALUES ("bloody hell");
INSERT INTO `BadWords`(`BadWord`) VALUES ("crikey");
INSERT INTO `BadWords`(`BadWord`) VALUES ("rubbish");
INSERT INTO `BadWords`(`BadWord`) VALUES ("taking the piss");
INSERT INTO `BadWords`(`BadWord`) VALUES ("jerk");
INSERT INTO `BadWords`(`BadWord`) VALUES ("knob end");
INSERT INTO `BadWords`(`BadWord`) VALUES ("lmao");
INSERT INTO `BadWords`(`BadWord`) VALUES ("omg");
INSERT INTO `BadWords`(`BadWord`) VALUES ("wtf");
INSERT INTO `BadWords`(`BadWord`) VALUES ("bint");
INSERT INTO `BadWords`(`BadWord`) VALUES ("ginger");
INSERT INTO `BadWords`(`BadWord`) VALUES ("git");
INSERT INTO `BadWords`(`BadWord`) VALUES ("minger");
INSERT INTO `BadWords`(`BadWord`) VALUES ("munter");
INSERT INTO `BadWords`(`BadWord`) VALUES ("sod off");
INSERT INTO `BadWords`(`BadWord`) VALUES ("chinky");
INSERT INTO `BadWords`(`BadWord`) VALUES ("choc ice");
INSERT INTO `BadWords`(`BadWord`) VALUES ("gippo");
INSERT INTO `BadWords`(`BadWord`) VALUES ("golliwog");
INSERT INTO `BadWords`(`BadWord`) VALUES ("hun");
INSERT INTO `BadWords`(`BadWord`) VALUES ("iap");
INSERT INTO `BadWords`(`BadWord`) VALUES ("jock");
INSERT INTO `BadWords`(`BadWord`) VALUES ("nig-nog");
INSERT INTO `BadWords`(`BadWord`) VALUES ("pikey");
INSERT INTO `BadWords`(`BadWord`) VALUES ("polack");
INSERT INTO `BadWords`(`BadWord`) VALUES ("sambo");
INSERT INTO `BadWords`(`BadWord`) VALUES ("slope");
INSERT INTO `BadWords`(`BadWord`) VALUES ("spade");
INSERT INTO `BadWords`(`BadWord`) VALUES ("taff");
INSERT INTO `BadWords`(`BadWord`) VALUES ("wog");
INSERT INTO `BadWords`(`BadWord`) VALUES ("beaver");
INSERT INTO `BadWords`(`BadWord`) VALUES ("beef curtains");
INSERT INTO `BadWords`(`BadWord`) VALUES ("bloodclaat");
INSERT INTO `BadWords`(`BadWord`) VALUES ("clunge");
INSERT INTO `BadWords`(`BadWord`) VALUES ("flaps");
INSERT INTO `BadWords`(`BadWord`) VALUES ("gash");
INSERT INTO `BadWords`(`BadWord`) VALUES ("punani");
INSERT INTO `BadWords`(`BadWord`) VALUES ("batty boy");
INSERT INTO `BadWords`(`BadWord`) VALUES ("bender");
INSERT INTO `BadWords`(`BadWord`) VALUES ("bum boy");
INSERT INTO `BadWords`(`BadWord`) VALUES ("bumclat");
INSERT INTO `BadWords`(`BadWord`) VALUES ("bummer");
INSERT INTO `BadWords`(`BadWord`) VALUES ("chi-chi man");
INSERT INTO `BadWords`(`BadWord`) VALUES ("chick with a dick");
INSERT INTO `BadWords`(`BadWord`) VALUES ("fudge-packer");
INSERT INTO `BadWords`(`BadWord`) VALUES ("gender bender");
INSERT INTO `BadWords`(`BadWord`) VALUES ("he-she");
INSERT INTO `BadWords`(`BadWord`) VALUES ("lezza/lesbo");
INSERT INTO `BadWords`(`BadWord`) VALUES ("pansy");
INSERT INTO `BadWords`(`BadWord`) VALUES ("shirt lifter");
INSERT INTO `BadWords`(`BadWord`) VALUES ("cretin");
INSERT INTO `BadWords`(`BadWord`) VALUES ("cripple");
INSERT INTO `BadWords`(`BadWord`) VALUES ("div");
INSERT INTO `BadWords`(`BadWord`) VALUES ("looney");
INSERT INTO `BadWords`(`BadWord`) VALUES ("midget");
INSERT INTO `BadWords`(`BadWord`) VALUES ("mong");
INSERT INTO `BadWords`(`BadWord`) VALUES ("nutter");
INSERT INTO `BadWords`(`BadWord`) VALUES ("psycho");
INSERT INTO `BadWords`(`BadWord`) VALUES ("schizo");
INSERT INTO `BadWords`(`BadWord`) VALUES ("veqtable");
INSERT INTO `BadWords`(`BadWord`) VALUES ("window licker");
INSERT INTO `BadWords`(`BadWord`) VALUES ("fenian");
INSERT INTO `BadWords`(`BadWord`) VALUES ("kafir");
INSERT INTO `BadWords`(`BadWord`) VALUES ("prod");
INSERT INTO `BadWords`(`BadWord`) VALUES ("taig");
INSERT INTO `BadWords`(`BadWord`) VALUES ("yid");
INSERT INTO `BadWords`(`BadWord`) VALUES ("iberian slap");
INSERT INTO `BadWords`(`BadWord`) VALUES ("middle finger");
INSERT INTO `BadWords`(`BadWord`) VALUES ("two fingers with tongue");
INSERT INTO `BadWords`(`BadWord`) VALUES ("two fingers");
INSERT INTO `BadWords`(`BadWord`) VALUES ("nonce");
INSERT INTO `BadWords`(`BadWord`) VALUES ("prickteaser");
INSERT INTO `BadWords`(`BadWord`) VALUES ("rapey");
INSERT INTO `BadWords`(`BadWord`) VALUES ("slag");
INSERT INTO `BadWords`(`BadWord`) VALUES ("tart");
INSERT INTO `BadWords`(`BadWord`) VALUES ("coffin dodger");
INSERT INTO `BadWords`(`BadWord`) VALUES ("old bag");
INSERT INTO `BadWords`(`BadWord`) VALUES ("frenchify");
INSERT INTO `BadWords`(`BadWord`) VALUES ("bescumber");
INSERT INTO `BadWords`(`BadWord`) VALUES ("microphallus");
INSERT INTO `BadWords`(`BadWord`) VALUES ("coccydynia");
INSERT INTO `BadWords`(`BadWord`) VALUES ("ninnyhammer");
INSERT INTO `BadWords`(`BadWord`) VALUES ("buncombe");
INSERT INTO `BadWords`(`BadWord`) VALUES ("hircismus");
INSERT INTO `BadWords`(`BadWord`) VALUES ("corpulent");
INSERT INTO `BadWords`(`BadWord`) VALUES ("feist");
INSERT INTO `BadWords`(`BadWord`) VALUES ("fice");
INSERT INTO `BadWords`(`BadWord`) VALUES ("cacafuego");
INSERT INTO `BadWords`(`BadWord`) VALUES ("ass fuck");
INSERT INTO `BadWords`(`BadWord`) VALUES ("assfaces");
INSERT INTO `BadWords`(`BadWord`) VALUES ("assmucus");
INSERT INTO `BadWords`(`BadWord`) VALUES ("bastards");
INSERT INTO `BadWords`(`BadWord`) VALUES ("beef curtain");
INSERT INTO `BadWords`(`BadWord`) VALUES ("bitch tit");
INSERT INTO `BadWords`(`BadWord`) VALUES ("blow me");
INSERT INTO `BadWords`(`BadWord`) VALUES ("blue waffle");
INSERT INTO `BadWords`(`BadWord`) VALUES ("blumpkin");
INSERT INTO `BadWords`(`BadWord`) VALUES ("bust a load");
INSERT INTO `BadWords`(`BadWord`) VALUES ("butt fuck");
INSERT INTO `BadWords`(`BadWord`) VALUES ("choade");
INSERT INTO `BadWords`(`BadWord`) VALUES ("chota bags");
INSERT INTO `BadWords`(`BadWord`) VALUES ("clit licker");
INSERT INTO `BadWords`(`BadWord`) VALUES ("clitty litter");
INSERT INTO `BadWords`(`BadWord`) VALUES ("cock pocket");
INSERT INTO `BadWords`(`BadWord`) VALUES ("cock snot");
INSERT INTO `BadWords`(`BadWord`) VALUES ("cocksuck");
INSERT INTO `BadWords`(`BadWord`) VALUES ("cocksucked");
INSERT INTO `BadWords`(`BadWord`) VALUES ("cocksuckers");
INSERT INTO `BadWords`(`BadWord`) VALUES ("cocksucks");
INSERT INTO `BadWords`(`BadWord`) VALUES ("cop some wood");
INSERT INTO `BadWords`(`BadWord`) VALUES ("cornhole");
INSERT INTO `BadWords`(`BadWord`) VALUES ("corp whore");
INSERT INTO `BadWords`(`BadWord`) VALUES ("cum chugger");
INSERT INTO `BadWords`(`BadWord`) VALUES ("cum dumpster");
INSERT INTO `BadWords`(`BadWord`) VALUES ("cum freak");
INSERT INTO `BadWords`(`BadWord`) VALUES ("cum guzzler");
INSERT INTO `BadWords`(`BadWord`) VALUES ("cumdump");
INSERT INTO `BadWords`(`BadWord`) VALUES ("cunt hair");
INSERT INTO `BadWords`(`BadWord`) VALUES ("cuntbag");
INSERT INTO `BadWords`(`BadWord`) VALUES ("cuntlick");
INSERT INTO `BadWords`(`BadWord`) VALUES ("cuntlicker");
INSERT INTO `BadWords`(`BadWord`) VALUES ("cuntlicking");
INSERT INTO `BadWords`(`BadWord`) VALUES ("cuntsicle");
INSERT INTO `BadWords`(`BadWord`) VALUES ("cunt-struck");
INSERT INTO `BadWords`(`BadWord`) VALUES ("cut rope");
INSERT INTO `BadWords`(`BadWord`) VALUES ("cyberfuck");
INSERT INTO `BadWords`(`BadWord`) VALUES ("cyberfucked");
INSERT INTO `BadWords`(`BadWord`) VALUES ("cyberfucking");
INSERT INTO `BadWords`(`BadWord`) VALUES ("dick hole");
INSERT INTO `BadWords`(`BadWord`) VALUES ("dick shy");
INSERT INTO `BadWords`(`BadWord`) VALUES ("dickheads");
INSERT INTO `BadWords`(`BadWord`) VALUES ("eat a dick");
INSERT INTO `BadWords`(`BadWord`) VALUES ("eat hair pie");
INSERT INTO `BadWords`(`BadWord`) VALUES ("ejaculates");
INSERT INTO `BadWords`(`BadWord`) VALUES ("ejaculating");
INSERT INTO `BadWords`(`BadWord`) VALUES ("facial");
INSERT INTO `BadWords`(`BadWord`) VALUES ("faggots");
INSERT INTO `BadWords`(`BadWord`) VALUES ("fingerfuck");
INSERT INTO `BadWords`(`BadWord`) VALUES ("fingerfucked");
INSERT INTO `BadWords`(`BadWord`) VALUES ("fingerfucker");
INSERT INTO `BadWords`(`BadWord`) VALUES ("fingerfucking");
INSERT INTO `BadWords`(`BadWord`) VALUES ("fingerfucks");
INSERT INTO `BadWords`(`BadWord`) VALUES ("fist fuck");
INSERT INTO `BadWords`(`BadWord`) VALUES ("fistfucked");
INSERT INTO `BadWords`(`BadWord`) VALUES ("fistfucker");
INSERT INTO `BadWords`(`BadWord`) VALUES ("fistfuckers");
INSERT INTO `BadWords`(`BadWord`) VALUES ("fistfucking");
INSERT INTO `BadWords`(`BadWord`) VALUES ("fistfuckings");
INSERT INTO `BadWords`(`BadWord`) VALUES ("fistfucks");
INSERT INTO `BadWords`(`BadWord`) VALUES ("flog the log");
INSERT INTO `BadWords`(`BadWord`) VALUES ("fuc");
INSERT INTO `BadWords`(`BadWord`) VALUES ("fuck hole");
INSERT INTO `BadWords`(`BadWord`) VALUES ("fuck puppet");
INSERT INTO `BadWords`(`BadWord`) VALUES ("fuck trophy");
INSERT INTO `BadWords`(`BadWord`) VALUES ("fuck yo mama");
INSERT INTO `BadWords`(`BadWord`) VALUES ("fuck");
INSERT INTO `BadWords`(`BadWord`) VALUES ("fuck-ass");
INSERT INTO `BadWords`(`BadWord`) VALUES ("fuck-bitch");
INSERT INTO `BadWords`(`BadWord`) VALUES ("fuckedup");
INSERT INTO `BadWords`(`BadWord`) VALUES ("fuckme");
INSERT INTO `BadWords`(`BadWord`) VALUES ("fuckmeat");
INSERT INTO `BadWords`(`BadWord`) VALUES ("fucktoy");
INSERT INTO `BadWords`(`BadWord`) VALUES ("fukkers");
INSERT INTO `BadWords`(`BadWord`) VALUES ("fuq");
INSERT INTO `BadWords`(`BadWord`) VALUES ("gang-bang");
INSERT INTO `BadWords`(`BadWord`) VALUES ("gassyass");
INSERT INTO `BadWords`(`BadWord`) VALUES ("god");
INSERT INTO `BadWords`(`BadWord`) VALUES ("ham flap");
INSERT INTO `BadWords`(`BadWord`) VALUES ("how to murdep");
INSERT INTO `BadWords`(`BadWord`) VALUES ("jackasses");
INSERT INTO `BadWords`(`BadWord`) VALUES ("jiz");
INSERT INTO `BadWords`(`BadWord`) VALUES ("jizm");
INSERT INTO `BadWords`(`BadWord`) VALUES ("kinky Jesus");
INSERT INTO `BadWords`(`BadWord`) VALUES ("kwif");
INSERT INTO `BadWords`(`BadWord`) VALUES ("LEN");
INSERT INTO `BadWords`(`BadWord`) VALUES ("mafugly");
INSERT INTO `BadWords`(`BadWord`) VALUES ("mothafucked");
INSERT INTO `BadWords`(`BadWord`) VALUES ("mothafucking");
INSERT INTO `BadWords`(`BadWord`) VALUES ("mother fucker");
INSERT INTO `BadWords`(`BadWord`) VALUES ("muff puff");
INSERT INTO `BadWords`(`BadWord`) VALUES ("need the dick");
INSERT INTO `BadWords`(`BadWord`) VALUES ("nut butter");
INSERT INTO `BadWords`(`BadWord`) VALUES ("pisses");
INSERT INTO `BadWords`(`BadWord`) VALUES ("pissin");
INSERT INTO `BadWords`(`BadWord`) VALUES ("pissoff");
INSERT INTO `BadWords`(`BadWord`) VALUES ("pussy fart");
INSERT INTO `BadWords`(`BadWord`) VALUES ("pussy palace");
INSERT INTO `BadWords`(`BadWord`) VALUES ("queaf");
INSERT INTO `BadWords`(`BadWord`) VALUES ("sandbar");
INSERT INTO `BadWords`(`BadWord`) VALUES ("sausage queen");
INSERT INTO `BadWords`(`BadWord`) VALUES ("shit fucker");
INSERT INTO `BadWords`(`BadWord`) VALUES ("shitheads");
INSERT INTO `BadWords`(`BadWord`) VALUES ("shitters");
INSERT INTO `BadWords`(`BadWord`) VALUES ("shittier");
INSERT INTO `BadWords`(`BadWord`) VALUES ("slope");
INSERT INTO `BadWords`(`BadWord`) VALUES ("slut bucket");
INSERT INTO `BadWords`(`BadWord`) VALUES ("smartass");
INSERT INTO `BadWords`(`BadWord`) VALUES ("smartasses");
INSERT INTO `BadWords`(`BadWord`) VALUES ("tit wank");
INSERT INTO `BadWords`(`BadWord`) VALUES ("tities");
INSERT INTO `BadWords`(`BadWord`) VALUES ("wiseass");
INSERT INTO `BadWords`(`BadWord`) VALUES ("wiseasses");
INSERT INTO `BadWords`(`BadWord`) VALUES ("boong");
INSERT INTO `BadWords`(`BadWord`) VALUES ("coonnass");
INSERT INTO `BadWords`(`BadWord`) VALUES ("darn");
INSERT INTO `BadWords`(`BadWord`) VALUES ("Breeder");
INSERT INTO `BadWords`(`BadWord`) VALUES ("Cocklump");
INSERT INTO `BadWords`(`BadWord`) VALUES ("Doublelift");
INSERT INTO `BadWords`(`BadWord`) VALUES ("Dumbcunt");
INSERT INTO `BadWords`(`BadWord`) VALUES ("Fuck off");
INSERT INTO `BadWords`(`BadWord`) VALUES ("Poopuncher");
INSERT INTO `BadWords`(`BadWord`) VALUES ("Sandler");
INSERT INTO `BadWords`(`BadWord`) VALUES ("cockeye");
INSERT INTO `BadWords`(`BadWord`) VALUES ("crotte");
INSERT INTO `BadWords`(`BadWord`) VALUES ("cus");
INSERT INTO `BadWords`(`BadWord`) VALUES ("foah");
INSERT INTO `BadWords`(`BadWord`) VALUES ("fucktwat");
INSERT INTO `BadWords`(`BadWord`) VALUES ("jaggi");
INSERT INTO `BadWords`(`BadWord`) VALUES ("kunja");
INSERT INTO `BadWords`(`BadWord`) VALUES ("pust");
INSERT INTO `BadWords`(`BadWord`) VALUES ("sanger");
INSERT INTO `BadWords`(`BadWord`) VALUES ("seks");
INSERT INTO `BadWords`(`BadWord`) VALUES ("zubb");
INSERT INTO `BadWords`(`BadWord`) VALUES ("zubbra");
INSERT INTO `BadWords`(`BadWord`) VALUES ("ag man");
INSERT INTO `BadWords`(`BadWord`) VALUES ("bekak");
INSERT INTO `BadWords`(`BadWord`) VALUES ("bliksem");
INSERT INTO `BadWords`(`BadWord`) VALUES ("dagga");
INSERT INTO `BadWords`(`BadWord`) VALUES ("dik");
INSERT INTO `BadWords`(`BadWord`) VALUES ("dikbek");
INSERT INTO `BadWords`(`BadWord`) VALUES ("dikgat");
INSERT INTO `BadWords`(`BadWord`) VALUES ("doos");
INSERT INTO `BadWords`(`BadWord`) VALUES ("domkop");
INSERT INTO `BadWords`(`BadWord`) VALUES ("fokker");
INSERT INTO `BadWords`(`BadWord`) VALUES ("fok weet");
INSERT INTO `BadWords`(`BadWord`) VALUES ("hardegat");
INSERT INTO `BadWords`(`BadWord`) VALUES ("gheit");
INSERT INTO `BadWords`(`BadWord`) VALUES ("ho");
INSERT INTO `BadWords`(`BadWord`) VALUES ("jippo");
INSERT INTO `BadWords`(`BadWord`) VALUES ("jissie");
INSERT INTO `BadWords`(`BadWord`) VALUES ("kak");
INSERT INTO `BadWords`(`BadWord`) VALUES ("kiff");
INSERT INTO `BadWords`(`BadWord`) VALUES ("kaffer");
INSERT INTO `BadWords`(`BadWord`) VALUES ("kaff");
INSERT INTO `BadWords`(`BadWord`) VALUES ("poepol");
INSERT INTO `BadWords`(`BadWord`) VALUES ("pose");
INSERT INTO `BadWords`(`BadWord`) VALUES ("poes");
INSERT INTO `BadWords`(`BadWord`) VALUES ("sies");
INSERT INTO `BadWords`(`BadWord`) VALUES ("skop");
INSERT INTO `BadWords`(`BadWord`) VALUES ("vark");
INSERT INTO `BadWords`(`BadWord`) VALUES ("vrot");
INSERT INTO `BadWords`(`BadWord`) VALUES ("eina");
INSERT INTO `BadWords`(`BadWord`) VALUES ("eina!");
INSERT INTO `BadWords`(`BadWord`) VALUES ("tsotsi");
INSERT INTO `BadWords`(`BadWord`) VALUES ("bint");
INSERT INTO `BadWords`(`BadWord`) VALUES ("gara");
INSERT INTO `BadWords`(`BadWord`) VALUES ("ghey");
